{
  "formatVersion": 1,
  "database": {
    "version": 3,
    "identityHash": "1bed2b6b700f85e30a56a0cb51918c83",
    "entities": [
      {
        "tableName": "User",
        "createSql": "CREATE TABLE IF NOT EXISTS `${TABLE_NAME}` (`id` TEXT NOT NULL, `displayName` TEXT NOT NULL, `email` TEXT NOT NULL, `photoURI` TEXT, `registeredOn` TEXT, `signedIn` TEXT NOT NULL, `institute` TEXT, `city` TEXT, PRIMARY KEY(`id`))",
        "fields": [
          {
            "fieldPath": "id",
            "columnName": "id",
            "affinity": "TEXT",
            "notNull": true
          },
          {
            "fieldPath": "displayName",
            "columnName": "displayName",
            "affinity": "TEXT",
            "notNull": true
          },
          {
            "fieldPath": "email",
            "columnName": "email",
            "affinity": "TEXT",
            "notNull": true
          },
          {
            "fieldPath": "photoURI",
            "columnName": "photoURI",
            "affinity": "TEXT",
            "notNull": false
          },
          {
            "fieldPath": "registeredOn",
            "columnName": "registeredOn",
            "affinity": "TEXT",
            "notNull": false
          },
          {
            "fieldPath": "signedIn",
            "columnName": "signedIn",
            "affinity": "TEXT",
            "notNull": true
          },
          {
            "fieldPath": "institute",
            "columnName": "institute",
            "affinity": "TEXT",
            "notNull": false
          },
          {
            "fieldPath": "city",
            "columnName": "city",
            "affinity": "TEXT",
            "notNull": false
          }
        ],
        "primaryKey": {
          "columnNames": [
            "id"
          ],
          "autoGenerate": false
        },
        "indices": [],
        "foreignKeys": []
      },
      {
        "tableName": "Question",
        "createSql": "CREATE TABLE IF NOT EXISTS `${TABLE_NAME}` (`id` INTEGER PRIMARY KEY AUTOINCREMENT NOT NULL, `userId` TEXT NOT NULL, `question` TEXT NOT NULL, `subject` TEXT NOT NULL, `postedOn` TEXT NOT NULL, `tags` TEXT NOT NULL)",
        "fields": [
          {
            "fieldPath": "id",
            "columnName": "id",
            "affinity": "INTEGER",
            "notNull": true
          },
          {
            "fieldPath": "userId",
            "columnName": "userId",
            "affinity": "TEXT",
            "notNull": true
          },
          {
            "fieldPath": "question",
            "columnName": "question",
            "affinity": "TEXT",
            "notNull": true
          },
          {
            "fieldPath": "subject",
            "columnName": "subject",
            "affinity": "TEXT",
            "notNull": true
          },
          {
            "fieldPath": "postedOn",
            "columnName": "postedOn",
            "affinity": "TEXT",
            "notNull": true
          },
          {
            "fieldPath": "tags",
            "columnName": "tags",
            "affinity": "TEXT",
            "notNull": true
          }
        ],
        "primaryKey": {
          "columnNames": [
            "id"
          ],
          "autoGenerate": true
        },
        "indices": [],
        "foreignKeys": []
      }
    ],
    "views": [],
    "setupQueries": [
      "CREATE TABLE IF NOT EXISTS room_master_table (id INTEGER PRIMARY KEY,identity_hash TEXT)",
      "INSERT OR REPLACE INTO room_master_table (id,identity_hash) VALUES(42, \"1bed2b6b700f85e30a56a0cb51918c83\")"
    ]
  }
}